filename,label
resume_0.pdf,Data Science
resume_1.pdf,Data Science
resume_2.pdf,Data Science
resume_3.pdf,Data Science
resume_4.pdf,Data Science
resume_5.pdf,Data Science
resume_6.pdf,Data Science
resume_7.pdf,Data Science
resume_8.pdf,Data Science
resume_9.pdf,Data Science
resume_10.pdf,Data Science
resume_11.pdf,Data Science
resume_12.pdf,Data Science
resume_13.pdf,Data Science
resume_14.pdf,Data Science
resume_15.pdf,Data Science
resume_16.pdf,Data Science
resume_17.pdf,Data Science
resume_18.pdf,Data Science
resume_19.pdf,Data Science
resume_20.pdf,Data Science
resume_21.pdf,Data Science
resume_22.pdf,Data Science
resume_23.pdf,Data Science
resume_24.pdf,Data Science
resume_25.pdf,Data Science
resume_26.pdf,Data Science
resume_27.pdf,Data Science
resume_28.pdf,Data Science
resume_29.pdf,Data Science
resume_30.pdf,Data Science
resume_31.pdf,Data Science
resume_32.pdf,Data Science
resume_33.pdf,Data Science
resume_34.pdf,Data Science
resume_35.pdf,Data Science
resume_36.pdf,Data Science
resume_37.pdf,Data Science
resume_38.pdf,Data Science
resume_39.pdf,Data Science
resume_40.pdf,HR
resume_41.pdf,HR
resume_42.pdf,HR
resume_43.pdf,HR
resume_44.pdf,HR
resume_45.pdf,HR
resume_46.pdf,HR
resume_47.pdf,HR
resume_48.pdf,HR
resume_49.pdf,HR
resume_50.pdf,HR
resume_51.pdf,HR
resume_52.pdf,HR
resume_53.pdf,HR
resume_54.pdf,HR
resume_55.pdf,HR
resume_56.pdf,HR
resume_57.pdf,HR
resume_58.pdf,HR
resume_59.pdf,HR
resume_60.pdf,HR
resume_61.pdf,HR
resume_62.pdf,HR
resume_63.pdf,HR
resume_64.pdf,HR
resume_65.pdf,HR
resume_66.pdf,HR
resume_67.pdf,HR
resume_68.pdf,HR
resume_69.pdf,HR
resume_70.pdf,HR
resume_71.pdf,HR
resume_72.pdf,HR
resume_73.pdf,HR
resume_74.pdf,HR
resume_75.pdf,HR
resume_76.pdf,HR
resume_77.pdf,HR
resume_78.pdf,HR
resume_79.pdf,HR
resume_80.pdf,HR
resume_81.pdf,HR
resume_82.pdf,HR
resume_83.pdf,HR
resume_84.pdf,Advocate
resume_85.pdf,Advocate
resume_86.pdf,Advocate
resume_87.pdf,Advocate
resume_88.pdf,Advocate
resume_89.pdf,Advocate
resume_90.pdf,Advocate
resume_91.pdf,Advocate
resume_92.pdf,Advocate
resume_93.pdf,Advocate
resume_94.pdf,Advocate
resume_95.pdf,Advocate
resume_96.pdf,Advocate
resume_97.pdf,Advocate
resume_98.pdf,Advocate
resume_99.pdf,Advocate
resume_100.pdf,Advocate
resume_101.pdf,Advocate
resume_102.pdf,Advocate
resume_103.pdf,Advocate
resume_104.pdf,Arts
resume_105.pdf,Arts
resume_106.pdf,Arts
resume_107.pdf,Arts
resume_108.pdf,Arts
resume_109.pdf,Arts
resume_110.pdf,Arts
resume_111.pdf,Arts
resume_112.pdf,Arts
resume_113.pdf,Arts
resume_114.pdf,Arts
resume_115.pdf,Arts
resume_116.pdf,Arts
resume_117.pdf,Arts
resume_118.pdf,Arts
resume_119.pdf,Arts
resume_120.pdf,Arts
resume_121.pdf,Arts
resume_122.pdf,Arts
resume_123.pdf,Arts
resume_124.pdf,Arts
resume_125.pdf,Arts
resume_126.pdf,Arts
resume_127.pdf,Arts
resume_128.pdf,Arts
resume_129.pdf,Arts
resume_130.pdf,Arts
resume_131.pdf,Arts
resume_132.pdf,Arts
resume_133.pdf,Arts
resume_134.pdf,Arts
resume_135.pdf,Arts
resume_136.pdf,Arts
resume_137.pdf,Arts
resume_138.pdf,Arts
resume_139.pdf,Arts
resume_140.pdf,Web Designing
resume_141.pdf,Web Designing
resume_142.pdf,Web Designing
resume_143.pdf,Web Designing
resume_144.pdf,Web Designing
resume_145.pdf,Web Designing
resume_146.pdf,Web Designing
resume_147.pdf,Web Designing
resume_148.pdf,Web Designing
resume_149.pdf,Web Designing
resume_150.pdf,Web Designing
resume_151.pdf,Web Designing
resume_152.pdf,Web Designing
resume_153.pdf,Web Designing
resume_154.pdf,Web Designing
resume_155.pdf,Web Designing
resume_156.pdf,Web Designing
resume_157.pdf,Web Designing
resume_158.pdf,Web Designing
resume_159.pdf,Web Designing
resume_160.pdf,Web Designing
resume_161.pdf,Web Designing
resume_162.pdf,Web Designing
resume_163.pdf,Web Designing
resume_164.pdf,Web Designing
resume_165.pdf,Web Designing
resume_166.pdf,Web Designing
resume_167.pdf,Web Designing
resume_168.pdf,Web Designing
resume_169.pdf,Web Designing
resume_170.pdf,Web Designing
resume_171.pdf,Web Designing
resume_172.pdf,Web Designing
resume_173.pdf,Web Designing
resume_174.pdf,Web Designing
resume_175.pdf,Web Designing
resume_176.pdf,Web Designing
resume_177.pdf,Web Designing
resume_178.pdf,Web Designing
resume_179.pdf,Web Designing
resume_180.pdf,Web Designing
resume_181.pdf,Web Designing
resume_182.pdf,Web Designing
resume_183.pdf,Web Designing
resume_184.pdf,Web Designing
resume_185.pdf,Mechanical Engineer
resume_186.pdf,Mechanical Engineer
resume_187.pdf,Mechanical Engineer
resume_188.pdf,Mechanical Engineer
resume_189.pdf,Mechanical Engineer
resume_190.pdf,Mechanical Engineer
resume_191.pdf,Mechanical Engineer
resume_192.pdf,Mechanical Engineer
resume_193.pdf,Mechanical Engineer
resume_194.pdf,Mechanical Engineer
resume_195.pdf,Mechanical Engineer
resume_196.pdf,Mechanical Engineer
resume_197.pdf,Mechanical Engineer
resume_198.pdf,Mechanical Engineer
resume_199.pdf,Mechanical Engineer
resume_200.pdf,Mechanical Engineer
resume_201.pdf,Mechanical Engineer
resume_202.pdf,Mechanical Engineer
resume_203.pdf,Mechanical Engineer
resume_204.pdf,Mechanical Engineer
resume_205.pdf,Mechanical Engineer
resume_206.pdf,Mechanical Engineer
resume_207.pdf,Mechanical Engineer
resume_208.pdf,Mechanical Engineer
resume_209.pdf,Mechanical Engineer
resume_210.pdf,Mechanical Engineer
resume_211.pdf,Mechanical Engineer
resume_212.pdf,Mechanical Engineer
resume_213.pdf,Mechanical Engineer
resume_214.pdf,Mechanical Engineer
resume_215.pdf,Mechanical Engineer
resume_216.pdf,Mechanical Engineer
resume_217.pdf,Mechanical Engineer
resume_218.pdf,Mechanical Engineer
resume_219.pdf,Mechanical Engineer
resume_220.pdf,Mechanical Engineer
resume_221.pdf,Mechanical Engineer
resume_222.pdf,Mechanical Engineer
resume_223.pdf,Mechanical Engineer
resume_224.pdf,Mechanical Engineer
resume_225.pdf,Sales
resume_226.pdf,Sales
resume_227.pdf,Sales
resume_228.pdf,Sales
resume_229.pdf,Sales
resume_230.pdf,Sales
resume_231.pdf,Sales
resume_232.pdf,Sales
resume_233.pdf,Sales
resume_234.pdf,Sales
resume_235.pdf,Sales
resume_236.pdf,Sales
resume_237.pdf,Sales
resume_238.pdf,Sales
resume_239.pdf,Sales
resume_240.pdf,Sales
resume_241.pdf,Sales
resume_242.pdf,Sales
resume_243.pdf,Sales
resume_244.pdf,Sales
resume_245.pdf,Sales
resume_246.pdf,Sales
resume_247.pdf,Sales
resume_248.pdf,Sales
resume_249.pdf,Sales
resume_250.pdf,Sales
resume_251.pdf,Sales
resume_252.pdf,Sales
resume_253.pdf,Sales
resume_254.pdf,Sales
resume_255.pdf,Sales
resume_256.pdf,Sales
resume_257.pdf,Sales
resume_258.pdf,Sales
resume_259.pdf,Sales
resume_260.pdf,Sales
resume_261.pdf,Sales
resume_262.pdf,Sales
resume_263.pdf,Sales
resume_264.pdf,Sales
resume_265.pdf,Health and fitness
resume_266.pdf,Health and fitness
resume_267.pdf,Health and fitness
resume_268.pdf,Health and fitness
resume_269.pdf,Health and fitness
resume_270.pdf,Health and fitness
resume_271.pdf,Health and fitness
resume_272.pdf,Health and fitness
resume_273.pdf,Health and fitness
resume_274.pdf,Health and fitness
resume_275.pdf,Health and fitness
resume_276.pdf,Health and fitness
resume_277.pdf,Health and fitness
resume_278.pdf,Health and fitness
resume_279.pdf,Health and fitness
resume_280.pdf,Health and fitness
resume_281.pdf,Health and fitness
resume_282.pdf,Health and fitness
resume_283.pdf,Health and fitness
resume_284.pdf,Health and fitness
resume_285.pdf,Health and fitness
resume_286.pdf,Health and fitness
resume_287.pdf,Health and fitness
resume_288.pdf,Health and fitness
resume_289.pdf,Health and fitness
resume_290.pdf,Health and fitness
resume_291.pdf,Health and fitness
resume_292.pdf,Health and fitness
resume_293.pdf,Health and fitness
resume_294.pdf,Health and fitness
resume_295.pdf,Civil Engineer
resume_296.pdf,Civil Engineer
resume_297.pdf,Civil Engineer
resume_298.pdf,Civil Engineer
resume_299.pdf,Civil Engineer
resume_300.pdf,Civil Engineer
resume_301.pdf,Civil Engineer
resume_302.pdf,Civil Engineer
resume_303.pdf,Civil Engineer
resume_304.pdf,Civil Engineer
resume_305.pdf,Civil Engineer
resume_306.pdf,Civil Engineer
resume_307.pdf,Civil Engineer
resume_308.pdf,Civil Engineer
resume_309.pdf,Civil Engineer
resume_310.pdf,Civil Engineer
resume_311.pdf,Civil Engineer
resume_312.pdf,Civil Engineer
resume_313.pdf,Civil Engineer
resume_314.pdf,Civil Engineer
resume_315.pdf,Civil Engineer
resume_316.pdf,Civil Engineer
resume_317.pdf,Civil Engineer
resume_318.pdf,Civil Engineer
resume_319.pdf,Java Developer
resume_320.pdf,Java Developer
resume_321.pdf,Java Developer
resume_322.pdf,Java Developer
resume_323.pdf,Java Developer
resume_324.pdf,Java Developer
resume_325.pdf,Java Developer
resume_326.pdf,Java Developer
resume_327.pdf,Java Developer
resume_328.pdf,Java Developer
resume_329.pdf,Java Developer
resume_330.pdf,Java Developer
resume_331.pdf,Java Developer
resume_332.pdf,Java Developer
resume_333.pdf,Java Developer
resume_334.pdf,Java Developer
resume_335.pdf,Java Developer
resume_336.pdf,Java Developer
resume_337.pdf,Java Developer
resume_338.pdf,Java Developer
resume_339.pdf,Java Developer
resume_340.pdf,Java Developer
resume_341.pdf,Java Developer
resume_342.pdf,Java Developer
resume_343.pdf,Java Developer
resume_344.pdf,Java Developer
resume_345.pdf,Java Developer
resume_346.pdf,Java Developer
resume_347.pdf,Java Developer
resume_348.pdf,Java Developer
resume_349.pdf,Java Developer
resume_350.pdf,Java Developer
resume_351.pdf,Java Developer
resume_352.pdf,Java Developer
resume_353.pdf,Java Developer
resume_354.pdf,Java Developer
resume_355.pdf,Java Developer
resume_356.pdf,Java Developer
resume_357.pdf,Java Developer
resume_358.pdf,Java Developer
resume_359.pdf,Java Developer
resume_360.pdf,Java Developer
resume_361.pdf,Java Developer
resume_362.pdf,Java Developer
resume_363.pdf,Java Developer
resume_364.pdf,Java Developer
resume_365.pdf,Java Developer
resume_366.pdf,Java Developer
resume_367.pdf,Java Developer
resume_368.pdf,Java Developer
resume_369.pdf,Java Developer
resume_370.pdf,Java Developer
resume_371.pdf,Java Developer
resume_372.pdf,Java Developer
resume_373.pdf,Java Developer
resume_374.pdf,Java Developer
resume_375.pdf,Java Developer
resume_376.pdf,Java Developer
resume_377.pdf,Java Developer
resume_378.pdf,Java Developer
resume_379.pdf,Java Developer
resume_380.pdf,Java Developer
resume_381.pdf,Java Developer
resume_382.pdf,Java Developer
resume_383.pdf,Java Developer
resume_384.pdf,Java Developer
resume_385.pdf,Java Developer
resume_386.pdf,Java Developer
resume_387.pdf,Java Developer
resume_388.pdf,Java Developer
resume_389.pdf,Java Developer
resume_390.pdf,Java Developer
resume_391.pdf,Java Developer
resume_392.pdf,Java Developer
resume_393.pdf,Java Developer
resume_394.pdf,Java Developer
resume_395.pdf,Java Developer
resume_396.pdf,Java Developer
resume_397.pdf,Java Developer
resume_398.pdf,Java Developer
resume_399.pdf,Java Developer
resume_400.pdf,Java Developer
resume_401.pdf,Java Developer
resume_402.pdf,Java Developer
resume_403.pdf,Business Analyst
resume_404.pdf,Business Analyst
resume_405.pdf,Business Analyst
resume_406.pdf,Business Analyst
resume_407.pdf,Business Analyst
resume_408.pdf,Business Analyst
resume_409.pdf,Business Analyst
resume_410.pdf,Business Analyst
resume_411.pdf,Business Analyst
resume_412.pdf,Business Analyst
resume_413.pdf,Business Analyst
resume_414.pdf,Business Analyst
resume_415.pdf,Business Analyst
resume_416.pdf,Business Analyst
resume_417.pdf,Business Analyst
resume_418.pdf,Business Analyst
resume_419.pdf,Business Analyst
resume_420.pdf,Business Analyst
resume_421.pdf,Business Analyst
resume_422.pdf,Business Analyst
resume_423.pdf,Business Analyst
resume_424.pdf,Business Analyst
resume_425.pdf,Business Analyst
resume_426.pdf,Business Analyst
resume_427.pdf,Business Analyst
resume_428.pdf,Business Analyst
resume_429.pdf,Business Analyst
resume_430.pdf,Business Analyst
resume_431.pdf,SAP Developer
resume_432.pdf,SAP Developer
resume_433.pdf,SAP Developer
resume_434.pdf,SAP Developer
resume_435.pdf,SAP Developer
resume_436.pdf,SAP Developer
resume_437.pdf,SAP Developer
resume_438.pdf,SAP Developer
resume_439.pdf,SAP Developer
resume_440.pdf,SAP Developer
resume_441.pdf,SAP Developer
resume_442.pdf,SAP Developer
resume_443.pdf,SAP Developer
resume_444.pdf,SAP Developer
resume_445.pdf,SAP Developer
resume_446.pdf,SAP Developer
resume_447.pdf,SAP Developer
resume_448.pdf,SAP Developer
resume_449.pdf,SAP Developer
resume_450.pdf,SAP Developer
resume_451.pdf,SAP Developer
resume_452.pdf,SAP Developer
resume_453.pdf,SAP Developer
resume_454.pdf,SAP Developer
resume_455.pdf,Automation Testing
resume_456.pdf,Automation Testing
resume_457.pdf,Automation Testing
resume_458.pdf,Automation Testing
resume_459.pdf,Automation Testing
resume_460.pdf,Automation Testing
resume_461.pdf,Automation Testing
resume_462.pdf,Automation Testing
resume_463.pdf,Automation Testing
resume_464.pdf,Automation Testing
resume_465.pdf,Automation Testing
resume_466.pdf,Automation Testing
resume_467.pdf,Automation Testing
resume_468.pdf,Automation Testing
resume_469.pdf,Automation Testing
resume_470.pdf,Automation Testing
resume_471.pdf,Automation Testing
resume_472.pdf,Automation Testing
resume_473.pdf,Automation Testing
resume_474.pdf,Automation Testing
resume_475.pdf,Automation Testing
resume_476.pdf,Automation Testing
resume_477.pdf,Automation Testing
resume_478.pdf,Automation Testing
resume_479.pdf,Automation Testing
resume_480.pdf,Automation Testing
resume_481.pdf,Electrical Engineering
resume_482.pdf,Electrical Engineering
resume_483.pdf,Electrical Engineering
resume_484.pdf,Electrical Engineering
resume_485.pdf,Electrical Engineering
resume_486.pdf,Electrical Engineering
resume_487.pdf,Electrical Engineering
resume_488.pdf,Electrical Engineering
resume_489.pdf,Electrical Engineering
resume_490.pdf,Electrical Engineering
resume_491.pdf,Electrical Engineering
resume_492.pdf,Electrical Engineering
resume_493.pdf,Electrical Engineering
resume_494.pdf,Electrical Engineering
resume_495.pdf,Electrical Engineering
resume_496.pdf,Electrical Engineering
resume_497.pdf,Electrical Engineering
resume_498.pdf,Electrical Engineering
resume_499.pdf,Electrical Engineering
resume_500.pdf,Electrical Engineering
resume_501.pdf,Electrical Engineering
resume_502.pdf,Electrical Engineering
resume_503.pdf,Electrical Engineering
resume_504.pdf,Electrical Engineering
resume_505.pdf,Electrical Engineering
resume_506.pdf,Electrical Engineering
resume_507.pdf,Electrical Engineering
resume_508.pdf,Electrical Engineering
resume_509.pdf,Electrical Engineering
resume_510.pdf,Electrical Engineering
resume_511.pdf,Operations Manager
resume_512.pdf,Operations Manager
resume_513.pdf,Operations Manager
resume_514.pdf,Operations Manager
resume_515.pdf,Operations Manager
resume_516.pdf,Operations Manager
resume_517.pdf,Operations Manager
resume_518.pdf,Operations Manager
resume_519.pdf,Operations Manager
resume_520.pdf,Operations Manager
resume_521.pdf,Operations Manager
resume_522.pdf,Operations Manager
resume_523.pdf,Operations Manager
resume_524.pdf,Operations Manager
resume_525.pdf,Operations Manager
resume_526.pdf,Operations Manager
resume_527.pdf,Operations Manager
resume_528.pdf,Operations Manager
resume_529.pdf,Operations Manager
resume_530.pdf,Operations Manager
resume_531.pdf,Operations Manager
resume_532.pdf,Operations Manager
resume_533.pdf,Operations Manager
resume_534.pdf,Operations Manager
resume_535.pdf,Operations Manager
resume_536.pdf,Operations Manager
resume_537.pdf,Operations Manager
resume_538.pdf,Operations Manager
resume_539.pdf,Operations Manager
resume_540.pdf,Operations Manager
resume_541.pdf,Operations Manager
resume_542.pdf,Operations Manager
resume_543.pdf,Operations Manager
resume_544.pdf,Operations Manager
resume_545.pdf,Operations Manager
resume_546.pdf,Operations Manager
resume_547.pdf,Operations Manager
resume_548.pdf,Operations Manager
resume_549.pdf,Operations Manager
resume_550.pdf,Operations Manager
resume_551.pdf,Python Developer
resume_552.pdf,Python Developer
resume_553.pdf,Python Developer
resume_554.pdf,Python Developer
resume_555.pdf,Python Developer
resume_556.pdf,Python Developer
resume_557.pdf,Python Developer
resume_558.pdf,Python Developer
resume_559.pdf,Python Developer
resume_560.pdf,Python Developer
resume_561.pdf,Python Developer
resume_562.pdf,Python Developer
resume_563.pdf,Python Developer
resume_564.pdf,Python Developer
resume_565.pdf,Python Developer
resume_566.pdf,Python Developer
resume_567.pdf,Python Developer
resume_568.pdf,Python Developer
resume_569.pdf,Python Developer
resume_570.pdf,Python Developer
resume_571.pdf,Python Developer
resume_572.pdf,Python Developer
resume_573.pdf,Python Developer
resume_574.pdf,Python Developer
resume_575.pdf,Python Developer
resume_576.pdf,Python Developer
resume_577.pdf,Python Developer
resume_578.pdf,Python Developer
resume_579.pdf,Python Developer
resume_580.pdf,Python Developer
resume_581.pdf,Python Developer
resume_582.pdf,Python Developer
resume_583.pdf,Python Developer
resume_584.pdf,Python Developer
resume_585.pdf,Python Developer
resume_586.pdf,Python Developer
resume_587.pdf,Python Developer
resume_588.pdf,Python Developer
resume_589.pdf,Python Developer
resume_590.pdf,Python Developer
resume_591.pdf,Python Developer
resume_592.pdf,Python Developer
resume_593.pdf,Python Developer
resume_594.pdf,Python Developer
resume_595.pdf,Python Developer
resume_596.pdf,Python Developer
resume_597.pdf,Python Developer
resume_598.pdf,Python Developer
resume_599.pdf,DevOps Engineer
resume_600.pdf,DevOps Engineer
resume_601.pdf,DevOps Engineer
resume_602.pdf,DevOps Engineer
resume_603.pdf,DevOps Engineer
resume_604.pdf,DevOps Engineer
resume_605.pdf,DevOps Engineer
resume_606.pdf,DevOps Engineer
resume_607.pdf,DevOps Engineer
resume_608.pdf,DevOps Engineer
resume_609.pdf,DevOps Engineer
resume_610.pdf,DevOps Engineer
resume_611.pdf,DevOps Engineer
resume_612.pdf,DevOps Engineer
resume_613.pdf,DevOps Engineer
resume_614.pdf,DevOps Engineer
resume_615.pdf,DevOps Engineer
resume_616.pdf,DevOps Engineer
resume_617.pdf,DevOps Engineer
resume_618.pdf,DevOps Engineer
resume_619.pdf,DevOps Engineer
resume_620.pdf,DevOps Engineer
resume_621.pdf,DevOps Engineer
resume_622.pdf,DevOps Engineer
resume_623.pdf,DevOps Engineer
resume_624.pdf,DevOps Engineer
resume_625.pdf,DevOps Engineer
resume_626.pdf,DevOps Engineer
resume_627.pdf,DevOps Engineer
resume_628.pdf,DevOps Engineer
resume_629.pdf,DevOps Engineer
resume_630.pdf,DevOps Engineer
resume_631.pdf,DevOps Engineer
resume_632.pdf,DevOps Engineer
resume_633.pdf,DevOps Engineer
resume_634.pdf,DevOps Engineer
resume_635.pdf,DevOps Engineer
resume_636.pdf,DevOps Engineer
resume_637.pdf,DevOps Engineer
resume_638.pdf,DevOps Engineer
resume_639.pdf,DevOps Engineer
resume_640.pdf,DevOps Engineer
resume_641.pdf,DevOps Engineer
resume_642.pdf,DevOps Engineer
resume_643.pdf,DevOps Engineer
resume_644.pdf,DevOps Engineer
resume_645.pdf,DevOps Engineer
resume_646.pdf,DevOps Engineer
resume_647.pdf,DevOps Engineer
resume_648.pdf,DevOps Engineer
resume_649.pdf,DevOps Engineer
resume_650.pdf,DevOps Engineer
resume_651.pdf,DevOps Engineer
resume_652.pdf,DevOps Engineer
resume_653.pdf,DevOps Engineer
resume_654.pdf,Network Security Engineer
resume_655.pdf,Network Security Engineer
resume_656.pdf,Network Security Engineer
resume_657.pdf,Network Security Engineer
resume_658.pdf,Network Security Engineer
resume_659.pdf,Network Security Engineer
resume_660.pdf,Network Security Engineer
resume_661.pdf,Network Security Engineer
resume_662.pdf,Network Security Engineer
resume_663.pdf,Network Security Engineer
resume_664.pdf,Network Security Engineer
resume_665.pdf,Network Security Engineer
resume_666.pdf,Network Security Engineer
resume_667.pdf,Network Security Engineer
resume_668.pdf,Network Security Engineer
resume_669.pdf,Network Security Engineer
resume_670.pdf,Network Security Engineer
resume_671.pdf,Network Security Engineer
resume_672.pdf,Network Security Engineer
resume_673.pdf,Network Security Engineer
resume_674.pdf,Network Security Engineer
resume_675.pdf,Network Security Engineer
resume_676.pdf,Network Security Engineer
resume_677.pdf,Network Security Engineer
resume_678.pdf,Network Security Engineer
resume_679.pdf,PMO
resume_680.pdf,PMO
resume_681.pdf,PMO
resume_682.pdf,PMO
resume_683.pdf,PMO
resume_684.pdf,PMO
resume_685.pdf,PMO
resume_686.pdf,PMO
resume_687.pdf,PMO
resume_688.pdf,PMO
resume_689.pdf,PMO
resume_690.pdf,PMO
resume_691.pdf,PMO
resume_692.pdf,PMO
resume_693.pdf,PMO
resume_694.pdf,PMO
resume_695.pdf,PMO
resume_696.pdf,PMO
resume_697.pdf,PMO
resume_698.pdf,PMO
resume_699.pdf,PMO
resume_700.pdf,PMO
resume_701.pdf,PMO
resume_702.pdf,PMO
resume_703.pdf,PMO
resume_704.pdf,PMO
resume_705.pdf,PMO
resume_706.pdf,PMO
resume_707.pdf,PMO
resume_708.pdf,PMO
resume_709.pdf,Database
resume_710.pdf,Database
resume_711.pdf,Database
resume_712.pdf,Database
resume_713.pdf,Database
resume_714.pdf,Database
resume_715.pdf,Database
resume_716.pdf,Database
resume_717.pdf,Database
resume_718.pdf,Database
resume_719.pdf,Database
resume_720.pdf,Database
resume_721.pdf,Database
resume_722.pdf,Database
resume_723.pdf,Database
resume_724.pdf,Database
resume_725.pdf,Database
resume_726.pdf,Database
resume_727.pdf,Database
resume_728.pdf,Database
resume_729.pdf,Database
resume_730.pdf,Database
resume_731.pdf,Database
resume_732.pdf,Database
resume_733.pdf,Database
resume_734.pdf,Database
resume_735.pdf,Database
resume_736.pdf,Database
resume_737.pdf,Database
resume_738.pdf,Database
resume_739.pdf,Database
resume_740.pdf,Database
resume_741.pdf,Database
resume_742.pdf,Hadoop
resume_743.pdf,Hadoop
resume_744.pdf,Hadoop
resume_745.pdf,Hadoop
resume_746.pdf,Hadoop
resume_747.pdf,Hadoop
resume_748.pdf,Hadoop
resume_749.pdf,Hadoop
resume_750.pdf,Hadoop
resume_751.pdf,Hadoop
resume_752.pdf,Hadoop
resume_753.pdf,Hadoop
resume_754.pdf,Hadoop
resume_755.pdf,Hadoop
resume_756.pdf,Hadoop
resume_757.pdf,Hadoop
resume_758.pdf,Hadoop
resume_759.pdf,Hadoop
resume_760.pdf,Hadoop
resume_761.pdf,Hadoop
resume_762.pdf,Hadoop
resume_763.pdf,Hadoop
resume_764.pdf,Hadoop
resume_765.pdf,Hadoop
resume_766.pdf,Hadoop
resume_767.pdf,Hadoop
resume_768.pdf,Hadoop
resume_769.pdf,Hadoop
resume_770.pdf,Hadoop
resume_771.pdf,Hadoop
resume_772.pdf,Hadoop
resume_773.pdf,Hadoop
resume_774.pdf,Hadoop
resume_775.pdf,Hadoop
resume_776.pdf,Hadoop
resume_777.pdf,Hadoop
resume_778.pdf,Hadoop
resume_779.pdf,Hadoop
resume_780.pdf,Hadoop
resume_781.pdf,Hadoop
resume_782.pdf,Hadoop
resume_783.pdf,Hadoop
resume_784.pdf,ETL Developer
resume_785.pdf,ETL Developer
resume_786.pdf,ETL Developer
resume_787.pdf,ETL Developer
resume_788.pdf,ETL Developer
resume_789.pdf,ETL Developer
resume_790.pdf,ETL Developer
resume_791.pdf,ETL Developer
resume_792.pdf,ETL Developer
resume_793.pdf,ETL Developer
resume_794.pdf,ETL Developer
resume_795.pdf,ETL Developer
resume_796.pdf,ETL Developer
resume_797.pdf,ETL Developer
resume_798.pdf,ETL Developer
resume_799.pdf,ETL Developer
resume_800.pdf,ETL Developer
resume_801.pdf,ETL Developer
resume_802.pdf,ETL Developer
resume_803.pdf,ETL Developer
resume_804.pdf,ETL Developer
resume_805.pdf,ETL Developer
resume_806.pdf,ETL Developer
resume_807.pdf,ETL Developer
resume_808.pdf,ETL Developer
resume_809.pdf,ETL Developer
resume_810.pdf,ETL Developer
resume_811.pdf,ETL Developer
resume_812.pdf,ETL Developer
resume_813.pdf,ETL Developer
resume_814.pdf,ETL Developer
resume_815.pdf,ETL Developer
resume_816.pdf,ETL Developer
resume_817.pdf,ETL Developer
resume_818.pdf,ETL Developer
resume_819.pdf,ETL Developer
resume_820.pdf,ETL Developer
resume_821.pdf,ETL Developer
resume_822.pdf,ETL Developer
resume_823.pdf,ETL Developer
resume_824.pdf,DotNet Developer
resume_825.pdf,DotNet Developer
resume_826.pdf,DotNet Developer
resume_827.pdf,DotNet Developer
resume_828.pdf,DotNet Developer
resume_829.pdf,DotNet Developer
resume_830.pdf,DotNet Developer
resume_831.pdf,DotNet Developer
resume_832.pdf,DotNet Developer
resume_833.pdf,DotNet Developer
resume_834.pdf,DotNet Developer
resume_835.pdf,DotNet Developer
resume_836.pdf,DotNet Developer
resume_837.pdf,DotNet Developer
resume_838.pdf,DotNet Developer
resume_839.pdf,DotNet Developer
resume_840.pdf,DotNet Developer
resume_841.pdf,DotNet Developer
resume_842.pdf,DotNet Developer
resume_843.pdf,DotNet Developer
resume_844.pdf,DotNet Developer
resume_845.pdf,DotNet Developer
resume_846.pdf,DotNet Developer
resume_847.pdf,DotNet Developer
resume_848.pdf,DotNet Developer
resume_849.pdf,DotNet Developer
resume_850.pdf,DotNet Developer
resume_851.pdf,DotNet Developer
resume_852.pdf,Blockchain
resume_853.pdf,Blockchain
resume_854.pdf,Blockchain
resume_855.pdf,Blockchain
resume_856.pdf,Blockchain
resume_857.pdf,Blockchain
resume_858.pdf,Blockchain
resume_859.pdf,Blockchain
resume_860.pdf,Blockchain
resume_861.pdf,Blockchain
resume_862.pdf,Blockchain
resume_863.pdf,Blockchain
resume_864.pdf,Blockchain
resume_865.pdf,Blockchain
resume_866.pdf,Blockchain
resume_867.pdf,Blockchain
resume_868.pdf,Blockchain
resume_869.pdf,Blockchain
resume_870.pdf,Blockchain
resume_871.pdf,Blockchain
resume_872.pdf,Blockchain
resume_873.pdf,Blockchain
resume_874.pdf,Blockchain
resume_875.pdf,Blockchain
resume_876.pdf,Blockchain
resume_877.pdf,Blockchain
resume_878.pdf,Blockchain
resume_879.pdf,Blockchain
resume_880.pdf,Blockchain
resume_881.pdf,Blockchain
resume_882.pdf,Blockchain
resume_883.pdf,Blockchain
resume_884.pdf,Blockchain
resume_885.pdf,Blockchain
resume_886.pdf,Blockchain
resume_887.pdf,Blockchain
resume_888.pdf,Blockchain
resume_889.pdf,Blockchain
resume_890.pdf,Blockchain
resume_891.pdf,Blockchain
resume_892.pdf,Testing
resume_893.pdf,Testing
resume_894.pdf,Testing
resume_895.pdf,Testing
resume_896.pdf,Testing
resume_897.pdf,Testing
resume_898.pdf,Testing
resume_899.pdf,Testing
resume_900.pdf,Testing
resume_901.pdf,Testing
resume_902.pdf,Testing
resume_903.pdf,Testing
resume_904.pdf,Testing
resume_905.pdf,Testing
resume_906.pdf,Testing
resume_907.pdf,Testing
resume_908.pdf,Testing
resume_909.pdf,Testing
resume_910.pdf,Testing
resume_911.pdf,Testing
resume_912.pdf,Testing
resume_913.pdf,Testing
resume_914.pdf,Testing
resume_915.pdf,Testing
resume_916.pdf,Testing
resume_917.pdf,Testing
resume_918.pdf,Testing
resume_919.pdf,Testing
resume_920.pdf,Testing
resume_921.pdf,Testing
resume_922.pdf,Testing
resume_923.pdf,Testing
resume_924.pdf,Testing
resume_925.pdf,Testing
resume_926.pdf,Testing
resume_927.pdf,Testing
resume_928.pdf,Testing
resume_929.pdf,Testing
resume_930.pdf,Testing
resume_931.pdf,Testing
resume_932.pdf,Testing
resume_933.pdf,Testing
resume_934.pdf,Testing
resume_935.pdf,Testing
resume_936.pdf,Testing
resume_937.pdf,Testing
resume_938.pdf,Testing
resume_939.pdf,Testing
resume_940.pdf,Testing
resume_941.pdf,Testing
resume_942.pdf,Testing
resume_943.pdf,Testing
resume_944.pdf,Testing
resume_945.pdf,Testing
resume_946.pdf,Testing
resume_947.pdf,Testing
resume_948.pdf,Testing
resume_949.pdf,Testing
resume_950.pdf,Testing
resume_951.pdf,Testing
resume_952.pdf,Testing
resume_953.pdf,Testing
resume_954.pdf,Testing
resume_955.pdf,Testing
resume_956.pdf,Testing
resume_957.pdf,Testing
resume_958.pdf,Testing
resume_959.pdf,Testing
resume_960.pdf,Testing
resume_961.pdf,Testing
